"","Entity","Total.confirmed.deaths..deaths.","Total.confirmed.cases..cases.","PopTotal","PerCapita.Death","PerCapita.Infection","Death.Rate"
"1","Afghanistan",35,1031,38928341,8.99087890747772e-07,2.64845604388844e-05,0.0339476236663434
"2","Afghanistan",33,996,38928341,8.47711439847899e-07,2.55854725481366e-05,0.0331325301204819
"3","Afghanistan",36,1092,38928341,9.24776116197708e-07,2.80515421913305e-05,0.032967032967033
"4","Africa",1189,24617,1340598113,8.86917554537838e-07,1.83626992767519e-05,0.0482999553154324
"5","Africa",1155,23267,1340598113,8.61555740530869e-07,1.7355686073534e-05,0.0496411226200198
"6","Africa",1120,22303,1340598113,8.35447990817812e-07,1.66366040528658e-05,0.0502174595345918
"7","Albania",26,562,2877800,9.03467926888595e-06,0.000195288067273612,0.0462633451957295
"8","Albania",26,609,2877800,9.03467926888595e-06,0.000211619987490444,0.0426929392446634
"9","Albania",26,584,2877800,9.03467926888595e-06,0.000202932795885746,0.0445205479452055
"10","Algeria",392,2811,43851043,8.93935407648115e-06,6.41033783392564e-05,0.139452152258983
"11","Algeria",375,2629,43851043,8.55167800683783e-06,5.99529639466044e-05,0.142639786991251
"12","Algeria",384,2718,43851043,8.75691827900194e-06,6.19825621935606e-05,0.141280353200883
"13","Andorra",36,717,77265,0.00046592894583576,0.00927975150456222,0.0502092050209205
"14","Andorra",36,713,77265,0.00046592894583576,0.00922798162169158,0.0504908835904628
"15","Andorra",37,717,77265,0.00047887141655342,0.00927975150456222,0.0516039051603905
"16","Angola",2,24,32866268,6.08526651094064e-08,7.30231981312877e-07,0.0833333333333333
"17","Angola",2,24,32866268,6.08526651094064e-08,7.30231981312877e-07,0.0833333333333333
"18","Angola",2,24,32866268,6.08526651094064e-08,7.30231981312877e-07,0.0833333333333333
"19","Anguilla",0,3,15002,0,0.000199973336888415,0
"20","Anguilla",0,3,15002,0,0.000199973336888415,0
"21","Anguilla",0,3,15002,0,0.000199973336888415,0
"22","Antigua and Barbuda",3,23,97928,3.063475206274e-05,0.000234866432481006,0.130434782608696
"23","Antigua and Barbuda",3,24,97928,3.063475206274e-05,0.00024507801650192,0.125
"24","Antigua and Barbuda",2,23,97928,2.04231680418266e-05,0.000234866432481006,0.0869565217391304
"25","Argentina",151,3132,45195777,3.34102011344998e-06,6.92985099028168e-05,0.0482120051085568
"26","Argentina",142,3020,45195777,3.14188646430395e-06,6.68204022689996e-05,0.0470198675496689
"27","Argentina",134,2930,45195777,2.96487877617415e-06,6.48290657775394e-05,0.0457337883959044
"28","Armenia",24,1401,2963234,8.09925912027197e-06,0.000472794251145876,0.0171306209850107
"29","Armenia",24,1473,2963234,8.09925912027197e-06,0.000497092028506692,0.0162932790224033
"30","Armenia",22,1339,2963234,7.42432086024931e-06,0.000451871165085174,0.0164301717699776
"31","Aruba",2,97,106766,1.87325553078695e-05,0.000908528932431673,0.0206185567010309
"32","Aruba",2,97,106766,1.87325553078695e-05,0.000908528932431673,0.0206185567010309
"33","Aruba",2,97,106766,1.87325553078695e-05,0.000908528932431673,0.0206185567010309
"34","Asia",15404,409597,4641054786,3.31907307934977e-06,8.82551529526374e-05,0.0376076973220019
"35","Asia",14708,382116,4641054786,3.16910717028541e-06,8.23338696954568e-05,0.0384909294559767
"36","Asia",15059,394883,4641054786,3.24473652959804e-06,8.50847529727911e-05,0.0381353464190659
"37","Australia",70,6612,25499881,2.74511084973299e-06,0.000259295327691921,0.0105868118572293
"38","Australia",71,6625,25499881,2.78432671901488e-06,0.000259805133992586,0.0107169811320755
"39","Australia",74,6647,25499881,2.90197432686058e-06,0.000260667883116788,0.0111328418835565
"40","Austria",452,14710,9006400,5.01865340202523e-05,0.00163328299875644,0.0307273963290279
"41","Austria",462,14783,9006400,5.12968555693729e-05,0.00164138834606502,0.0312521139146317
"42","Austria",463,14833,9006400,5.1407887724285e-05,0.00164693995381062,0.0312141845884177
"43","Azerbaijan",20,1480,10139175,1.97254707606881e-06,0.000145968483629092,0.0135135135135135
"44","Azerbaijan",19,1436,10139175,1.87391972226537e-06,0.000141628880061741,0.0132311977715877
"45","Azerbaijan",19,1398,10139175,1.87391972226537e-06,0.00013788104061721,0.0135908440629471
"46","Bahamas",9,65,393248,2.28863211001709e-05,0.000165290096834568,0.138461538461538
"47","Bahamas",9,60,393248,2.28863211001709e-05,0.000152575474001139,0.15
"48","Bahamas",9,64,393248,2.28863211001709e-05,0.000162747172267882,0.140625
"49","Bahrain",7,1907,1701583,4.11381636981564e-06,0.00112072111674835,0.00367068694284216
"50","Bahrain",7,1873,1701583,4.11381636981564e-06,0.0011007397229521,0.00373731980779498
"51","Bahrain",7,1973,1701583,4.11381636981564e-06,0.00115950852823518,0.00354789660415611
"52","Bangladesh",91,2456,164689383,5.52555352035049e-07,1.49129224681108e-05,0.0370521172638437
"53","Bangladesh",110,3382,164689383,6.67924051910499e-07,2.05356285778301e-05,0.0325251330573625
"54","Bangladesh",101,2948,164689383,6.13275720390549e-07,1.79003645912014e-05,0.0342605156037992
"55","Barbados",5,75,287371,1.73991112533972e-05,0.000260986668800958,0.0666666666666667
"56","Barbados",5,75,287371,1.73991112533972e-05,0.000260986668800958,0.0666666666666667
"57","Barbados",5,75,287371,1.73991112533972e-05,0.000260986668800958,0.0666666666666667
"58","Belarus",51,6264,9449321,5.39721319658841e-06,0.000662904773792741,0.00814176245210728
"59","Belarus",55,6723,9449321,5.82052403553652e-06,0.000711479692562037,0.0081808716346869
"60","Belarus",47,4779,9449321,4.9739023576403e-06,0.000505750624833255,0.00983469345051266
"61","Belgium",5828,39983,11589616,0.000502863943033143,0.00344989859888369,0.145761948828252
"62","Belgium",5683,38496,11589616,0.000490352743352325,0.00332159408905351,0.147625727348296
"63","Belgium",5998,40956,11589616,0.000517532246107205,0.00353385306294876,0.146449848618029
"64","Belize",2,18,397621,5.02991542197218e-06,4.52692387977496e-05,0.111111111111111
"65","Belize",2,18,397621,5.02991542197218e-06,4.52692387977496e-05,0.111111111111111
"66","Belize",2,18,397621,5.02991542197218e-06,4.52692387977496e-05,0.111111111111111
"67","Benin",1,54,12123198,8.24864858265946e-08,4.45427023463611e-06,0.0185185185185185
"68","Benin",1,54,12123198,8.24864858265946e-08,4.45427023463611e-06,0.0185185185185185
"69","Benin",1,37,12123198,8.24864858265946e-08,3.051999975584e-06,0.027027027027027
"70","Bermuda",5,98,62273,8.0291619160792e-05,0.00157371573555152,0.0510204081632653
"71","Bermuda",5,86,62273,8.0291619160792e-05,0.00138101584956562,0.0581395348837209
"72","Bermuda",5,86,62273,8.0291619160792e-05,0.00138101584956562,0.0581395348837209
"73","Bhutan",0,5,771612,0,6.47994069558275e-06,0
"74","Bhutan",0,6,771612,0,7.77592883469931e-06,0
"75","Bhutan",0,6,771612,0,7.77592883469931e-06,0
"76","Bosnia and Herzegovina",46,1269,3280815,1.40209063906377e-05,0.000386794134993896,0.0362490149724192
"77","Bosnia and Herzegovina",50,1340,3280815,1.52401156419975e-05,0.000408435099205533,0.0373134328358209
"78","Bosnia and Herzegovina",48,1300,3280815,1.46305110163176e-05,0.000396243006691935,0.0369230769230769
"79","Botswana",1,20,2351625,4.25237867432095e-07,8.5047573486419e-06,0.05
"80","Botswana",1,20,2351625,4.25237867432095e-07,8.5047573486419e-06,0.05
"81","Botswana",1,20,2351625,4.25237867432095e-07,8.5047573486419e-06,0.05
"82","Brazil",2575,40581,212559409,1.21142602537063e-05,0.000190916037031322,0.063453340233114
"83","Brazil",2741,43079,212559409,1.28952183904501e-05,0.00020266804561919,0.0636272893985469
"84","Brazil",2462,38654,212559409,1.15826441726699e-05,0.00018185033625117,0.0636932788327211
"85","British Virgin Islands",1,5,30237,3.3072064027516e-05,0.00016536032013758,0.2
"86","British Virgin Islands",1,5,30237,3.3072064027516e-05,0.00016536032013758,0.2
"87","British Virgin Islands",1,4,30237,3.3072064027516e-05,0.000132288256110064,0.25
"88","Bulgaria",43,929,6948445,6.18843496638457e-06,0.000133698978692355,0.046286329386437
"89","Bulgaria",43,915,6948445,6.18843496638457e-06,0.000131684139400974,0.0469945355191257
"90","Bulgaria",45,975,6948445,6.47626915086757e-06,0.000140319164935464,0.0461538461538462
"91","Burkina Faso",38,581,20903278,1.81789669543695e-06,2.77946836854966e-05,0.0654044750430293
"92","Burkina Faso",36,576,20903278,1.7222179219929e-06,2.75554867518865e-05,0.0625
"93","Burkina Faso",38,600,20903278,1.81789669543695e-06,2.87036320332151e-05,0.0633333333333333
"94","Burundi",1,6,11890781,8.40987652535187e-08,5.04592591521112e-07,0.166666666666667
"95","Burundi",1,6,11890781,8.40987652535187e-08,5.04592591521112e-07,0.166666666666667
"96","Burundi",1,6,11890781,8.40987652535187e-08,5.04592591521112e-07,0.166666666666667
"97","Cambodia",0,122,16718971,0,7.29709980357045e-06,0
"98","Cambodia",0,122,16718971,0,7.29709980357045e-06,0
"99","Cambodia",0,122,16718971,0,7.29709980357045e-06,0
"100","Cameroon",42,1016,26545864,1.58216737643197e-06,3.82733822489259e-05,0.0413385826771654
"101","Cameroon",42,1163,26545864,1.58216737643197e-06,4.38109680664378e-05,0.0361134995700774
"102","Cameroon",42,1017,26545864,1.58216737643197e-06,3.83110529007457e-05,0.0412979351032448
"103","Canada",1834,38413,37742157,4.85928771903524e-05,0.0010177743683277,0.0477442532475985
"104","Canada",1690,36823,37742157,4.47775149682092e-05,0.000975646410458205,0.0458952285256497
"105","Canada",1580,34777,37742157,4.18630021596275e-05,0.000921436472218586,0.0454323259625615
"106","Cayman Islands",1,66,65720,1.52160681679854e-05,0.00100426049908704,0.0151515151515152
"107","Cayman Islands",1,61,65720,1.52160681679854e-05,0.000928180158247109,0.0163934426229508
"108","Cayman Islands",1,66,65720,1.52160681679854e-05,0.00100426049908704,0.0151515151515152
"109","Central African Republic",0,14,4829764,0,2.8986923584672e-06,0
"110","Central African Republic",0,12,4829764,0,2.48459345011475e-06,0
"111","Central African Republic",0,12,4829764,0,2.48459345011475e-06,0
"112","Chad",0,34,16425859,0,2.06990696803132e-06,0
"113","Chad",0,33,16425859,0,2.00902735132452e-06,0
"114","Chad",0,33,16425859,0,2.00902735132452e-06,0
"115","Chile",139,10507,19116209,7.27131619035971e-06,0.000549638267713018,0.0132292757209479
"116","Chile",133,10088,19116209,6.95744642674706e-06,0.000527719695887401,0.0131839809674861
"117","Chile",147,10832,19116209,7.68980920850991e-06,0.00056663954657537,0.0135709010339734
"118","China",4636,83849,1439323774,3.22095701033005e-06,5.82558292405445e-05,0.0552898663072905
"119","China",4636,83817,1439323774,3.22095701033005e-06,5.82335965778329e-05,0.0553109751005166
"120","China",4636,83864,1439323774,3.22095701033005e-06,5.82662508011905e-05,0.0552799771057903
"121","Colombia",179,3792,50882884,3.51788235902666e-06,7.45240776839615e-05,0.047204641350211
"122","Colombia",189,3977,50882884,3.71441209975441e-06,7.81598778874248e-05,0.047523258737742
"123","Colombia",196,4149,50882884,3.85198291826383e-06,8.1540189427942e-05,0.0472402988671969
"124","Congo",6,160,5518092,1.08733236053331e-06,2.89955296142217e-05,0.0375
"125","Congo",6,165,5518092,1.08733236053331e-06,2.99016399146662e-05,0.0363636363636364
"126","Congo",6,160,5518092,1.08733236053331e-06,2.89955296142217e-05,0.0375
"127","Costa Rica",6,662,5094114,1.17782994255723e-06,0.000129953903662148,0.00906344410876133
"128","Costa Rica",6,669,5094114,1.17782994255723e-06,0.000131328038595132,0.00896860986547085
"129","Costa Rica",4,660,5094114,7.85219961704822e-07,0.000129561293681296,0.00606060606060606
"130","Croatia",47,1871,4105268,1.14487044451178e-05,0.000455755872698201,0.0251202565473009
"131","Croatia",47,1881,4105268,1.14487044451178e-05,0.000458191767260992,0.0249867091972355
"132","Croatia",48,1908,4105268,1.16922939013969e-05,0.000464768682580528,0.0251572327044025
"133","Cuba",38,1137,11326616,3.35492966301674e-06,0.000100383027022369,0.0334212840809147
"134","Cuba",36,1087,11326616,3.1783544175948e-06,9.59686458868209e-05,0.0331186752529899
"135","Cuba",34,1035,11326616,3.00177917217287e-06,9.13776895058506e-05,0.0328502415458937
"136","Cyprus",17,767,1207361,1.40802957856018e-05,0.000635269815738623,0.0221642764015645
"137","Cyprus",17,784,1207361,1.40802957856018e-05,0.000649350111524225,0.0216836734693878
"138","Cyprus",17,772,1207361,1.40802957856018e-05,0.000639411079204977,0.022020725388601
"139","Denmark",370,7695,5792203,6.38789766173596e-05,0.00132851006775833,0.0480831708901884
"140","Denmark",355,7384,5792203,6.12892883761153e-05,0.0012748171982232,0.0480769230769231
"141","Denmark",364,7515,5792203,6.28431013208619e-05,0.0012974338088634,0.0484364604125083
"142","Djibouti",2,846,988002,2.02428740022793e-06,0.000856273570296416,0.00236406619385343
"143","Djibouti",2,846,988002,2.02428740022793e-06,0.000856273570296416,0.00236406619385343
"144","Djibouti",2,945,988002,2.02428740022793e-06,0.000956475796607699,0.00211640211640212
"145","Dominica",0,16,71991,0,0.000222250003472656,0
"146","Dominica",0,16,71991,0,0.000222250003472656,0
"147","Dominica",0,16,71991,0,0.000222250003472656,0
"148","Dominican Republic",245,5044,10847904,2.25850081269156e-05,0.000464974616294539,0.0485725614591594
"149","Dominican Republic",226,4680,10847904,2.08335177007466e-05,0.000431419747077408,0.0482905982905983
"150","Dominican Republic",235,4964,10847904,2.16631710605109e-05,0.000457599919763302,0.0473408541498791
"151","Ecuador",507,10128,17643060,2.87365116935498e-05,0.000574050079748071,0.0500592417061611
"152","Ecuador",474,9468,17643060,2.68660878555081e-05,0.000536641602987237,0.050063371356147
"153","Ecuador",520,10398,17643060,2.94733453267177e-05,0.000589353547513867,0.0500096172340835
"154","Egypt",264,3490,102334403,2.57977759444202e-06,3.41038780477373e-05,0.0756446991404011
"155","Egypt",250,3333,102334403,2.44297120685797e-06,3.25696921298305e-05,0.075007500750075
"156","Egypt",239,3144,102334403,2.33548047375622e-06,3.07228058974458e-05,0.0760178117048346
"157","El Salvador",7,225,6486201,1.07921416558013e-06,3.46890267507899e-05,0.0311111111111111
"158","El Salvador",7,201,6486201,1.07921416558013e-06,3.09888638973723e-05,0.0348258706467662
"159","El Salvador",7,218,6486201,1.07921416558013e-06,3.36098125852097e-05,0.0321100917431193
"160","Equatorial Guinea",0,79,1402985,0,5.63085136334316e-05,0
"161","Equatorial Guinea",0,79,1402985,0,5.63085136334316e-05,0
"162","Equatorial Guinea",0,79,1402985,0,5.63085136334316e-05,0
"163","Eritrea",0,39,3546427,0,1.09969837247461e-05,0
"164","Eritrea",0,39,3546427,0,1.09969837247461e-05,0
"165","Eritrea",0,39,3546427,0,1.09969837247461e-05,0
"166","Estonia",40,1535,1326539,3.0153655489963e-05,0.00115714652942733,0.0260586319218241
"167","Estonia",40,1528,1326539,3.0153655489963e-05,0.00115186963971659,0.0261780104712042
"168","Estonia",43,1552,1326539,3.24151796517102e-05,0.00116996183301056,0.0277061855670103
"169","Ethiopia",3,111,114963583,2.60952200837373e-08,9.6552314309828e-07,0.027027027027027
"170","Ethiopia",3,108,114963583,2.60952200837373e-08,9.39427923014543e-07,0.0277777777777778
"171","Ethiopia",3,114,114963583,2.60952200837373e-08,9.91618363182017e-07,0.0263157894736842
"172","Europe",103934,1070523,747636045,0.000139016839403456,0.00143187719099338,0.0970871247044669
"173","Europe",103934,1070523,747636045,0.000139016839403456,0.00143187719099338,0.0970871247044669
"174","Europe",101363,1043723,747636045,0.000135578000389213,0.00139603087221403,0.097116763739038
"175","Europe",101363,1043723,747636045,0.000135578000389213,0.00139603087221403,0.097116763739038
"176","Europe",107405,1098320,747636045,0.000143659472705065,0.00146905704633329,0.0977902614902761
"177","Europe",107405,1098320,747636045,0.000143659472705065,0.00146905704633329,0.0977902614902761
"178","Fiji",0,18,896444,0,2.0079335686334e-05,0
"179","Fiji",0,17,896444,0,1.89638170370932e-05,0
"180","Fiji",0,18,896444,0,2.0079335686334e-05,0
"181","Finland",141,4014,5540718,2.54479654080933e-05,0.000724454845021891,0.0351270553064275
"182","Finland",98,3868,5540718,1.76872383687457e-05,0.000698104469492943,0.0253360910031024
"183","Finland",94,3783,5540718,1.69653102720622e-05,0.000682763497438419,0.0248480042294475
"184","France",20265,114657,65273512,0.000310462841343668,0.00175656244756679,0.176744551139486
"185","France",19718,112606,65273512,0.000302082719250651,0.00172514081975549,0.175106122231497
"186","France",20796,117324,65273512,0.000318597841035426,0.00179742128782652,0.177252736013092
"187","French Polynesia",0,56,280904,0,0.000199356363739925,0
"188","French Polynesia",0,55,280904,0,0.000195796428673141,0
"189","French Polynesia",0,57,280904,0,0.00020291629880671,0
"190","Gabon",1,156,2225728,4.49291198205711e-07,7.00894269200909e-05,0.00641025641025641
"191","Gabon",1,120,2225728,4.49291198205711e-07,5.39149437846853e-05,0.00833333333333333
"192","Gabon",1,109,2225728,4.49291198205711e-07,4.89727406044225e-05,0.00917431192660551
"193","Gambia",1,10,2416664,4.13793560048066e-07,4.13793560048066e-06,0.1
"194","Gambia",1,10,2416664,4.13793560048066e-07,4.13793560048066e-06,0.1
"195","Gambia",1,10,2416664,4.13793560048066e-07,4.13793560048066e-06,0.1
"196","Georgia",4,402,3989175,1.00271359366285e-06,0.000100772716163116,0.00995024875621891
"197","Georgia",4,394,3989175,1.00271359366285e-06,9.87672889757907e-05,0.0101522842639594
"198","Georgia",4,408,3989175,1.00271359366285e-06,0.000102276786553611,0.00980392156862745
"199","Germany",4879,145694,83783945,5.82331137546698e-05,0.00173892504106843,0.0334879953875932
"200","Germany",4404,141672,83783945,5.25637698248752e-05,0.0016909206173092,0.0310858885312553
"201","Germany",4598,143457,83783945,5.48792492404123e-05,0.00171222541502432,0.0320514161037802
"202","Ghana",9,1042,31072945,2.89641036599524e-07,3.35339955707449e-05,0.00863723608445298
"203","Ghana",9,1042,31072945,2.89641036599524e-07,3.35339955707449e-05,0.00863723608445298
"204","Ghana",9,1042,31072945,2.89641036599524e-07,3.35339955707449e-05,0.00863723608445298
"205","Gibraltar",4,133,33691,0.000118726069276661,0.00394764180344899,0.0300751879699248
"206","Gibraltar",4,133,33691,0.000118726069276661,0.00394764180344899,0.0300751879699248
"207","Gibraltar",4,133,33691,0.000118726069276661,0.00394764180344899,0.0300751879699248
"208","Greece",116,2245,10423056,1.11291736319943e-05,0.00021538788623989,0.0516703786191537
"209","Greece",110,2235,10423056,1.05535267199946e-05,0.00021442847471989,0.0492170022371365
"210","Greece",121,2401,10423056,1.16088793919941e-05,0.000230354705951882,0.0503956684714702
"211","Greenland",0,11,56772,0,0.00019375748608469,0
"212","Greenland",0,11,56772,0,0.00019375748608469,0
"213","Greenland",0,11,56772,0,0.00019375748608469,0
"214","Grenada",0,14,112519,0,0.00012442343070948,0
"215","Grenada",0,14,112519,0,0.00012442343070948,0
"216","Grenada",0,14,112519,0,0.00012442343070948,0
"217","Guam",5,136,168783,2.96238365238205e-05,0.000805768353447918,0.0367647058823529
"218","Guam",5,136,168783,2.96238365238205e-05,0.000805768353447918,0.0367647058823529
"219","Guam",5,136,168783,2.96238365238205e-05,0.000805768353447918,0.0367647058823529
"220","Guatemala",8,316,17915567,4.46539035019098e-07,1.76382918832544e-05,0.0253164556962025
"221","Guatemala",7,289,17915567,3.90721655641711e-07,1.61312226400649e-05,0.0242214532871972
"222","Guatemala",7,294,17915567,3.90721655641711e-07,1.64103095369519e-05,0.0238095238095238
"223","Guinea",6,688,13132792,4.56871623337977e-07,5.23879461427547e-05,0.00872093023255814
"224","Guinea",5,579,13132792,3.80726352781648e-07,4.40881116521148e-05,0.00863557858376511
"225","Guinea",5,622,13132792,3.80726352781648e-07,4.7362358286037e-05,0.00803858520900321
"226","Guinea-Bissau",0,50,1967998,0,2.54065298846848e-05,0
"227","Guinea-Bissau",0,50,1967998,0,2.54065298846848e-05,0
"228","Guinea-Bissau",0,50,1967998,0,2.54065298846848e-05,0
"229","Guyana",7,65,786559,8.8995231126972e-06,8.26384289036169e-05,0.107692307692308
"230","Guyana",7,67,786559,8.8995231126972e-06,8.5181149792959e-05,0.104477611940299
"231","Guyana",7,66,786559,8.8995231126972e-06,8.39097893482879e-05,0.106060606060606
"232","Haiti",4,58,11402533,3.50799247851333e-07,5.08658909384432e-06,0.0689655172413793
"233","Haiti",3,47,11402533,2.630994358885e-07,4.12189116225316e-06,0.0638297872340425
"234","Haiti",3,57,11402533,2.630994358885e-07,4.99888928188149e-06,0.0526315789473684
"235","Honduras",46,494,9904608,4.64430293455329e-06,4.98757749928114e-05,0.0931174089068826
"236","Honduras",46,477,9904608,4.64430293455329e-06,4.81594021691722e-05,0.0964360587002096
"237","Honduras",46,510,9904608,4.64430293455329e-06,5.14911847091778e-05,0.0901960784313725
"238","Hungary",225,2168,9660350,2.32910815860709e-05,0.000224422510571563,0.103782287822878
"239","Hungary",213,2098,9660350,2.20488905681471e-05,0.000217176396300341,0.101525262154433
"240","Hungary",199,1984,9660350,2.05996677139027e-05,0.000205375581630065,0.100302419354839
"241","Iceland",10,1773,341250,2.93040293040293e-05,0.0051956043956044,0.00564015792442188
"242","Iceland",10,1778,341250,2.93040293040293e-05,0.00521025641025641,0.00562429696287964
"243","Iceland",9,1771,341250,2.63736263736264e-05,0.00518974358974359,0.00508187464709204
"244","India",640,19984,1380004385,4.6376664230672e-07,1.44811134060273e-05,0.0320256204963971
"245","India",543,17265,1380004385,3.93477010582108e-07,1.25108298116024e-05,0.0314509122502172
"246","India",590,18600,1380004385,4.27534873376507e-07,1.3478218042039e-05,0.0317204301075269
"247","Indonesia",616,7135,273523621,2.25209068872337e-06,2.60854984805864e-05,0.0863349684653118
"248","Indonesia",590,6760,273523621,2.15703491290063e-06,2.47145017139123e-05,0.0872781065088757
"249","Indonesia",582,6575,273523621,2.12778698187825e-06,2.40381433090197e-05,0.0885171102661597
"250","Iraq",83,1602,40222503,2.06352150685401e-06,3.98284512527726e-05,0.0518102372034956
"251","Iraq",82,1574,40222503,2.03865980195216e-06,3.91323235155207e-05,0.0520965692503177
"252","Iraq",82,1539,40222503,2.03865980195216e-06,3.82621638439557e-05,0.0532813515269656
"253","Ireland",687,15652,4937796,0.00013913089969695,0.00316983528683648,0.0438921543572706
"254","Ireland",730,16040,4937796,0.00014783923839705,0.00324841285464203,0.0455112219451372
"255","Ireland",610,15251,4937796,0.000123536897838631,0.00308862496547042,0.0399973772211658
"256","Isle of Man",9,300,85032,0.00010584250635055,0.00352808354501835,0.03
"257","Isle of Man",6,298,85032,7.05616709003669e-05,0.00350456298805156,0.0201342281879195
"258","Isle of Man",10,307,85032,0.000117602784833945,0.00361040549440211,0.0325732899022801
"259","Israel",172,13491,8655541,1.98716637122971e-05,0.00155865473920117,0.0127492402342302
"260","Israel",184,13942,8655541,2.12580588550155e-05,0.00161076008998167,0.013197532635203
"261","Israel",177,13713,8655541,2.04493283550965e-05,0.00158430304934146,0.012907460074382
"262","Italy",24648,183957,60461828,0.000407662169923146,0.00304253123144077,0.133987834113407
"263","Italy",23660,178972,60461828,0.00039132128125534,0.00296008251685675,0.132199450193326
"264","Italy",24114,181228,60461828,0.000398830151149251,0.00299739531527231,0.133058909219326
"265","Jamaica",6,233,2961161,2.02623227848807e-06,7.86853534812866e-05,0.0257510729613734
"266","Jamaica",5,196,2961161,1.68852689874005e-06,6.61902544306102e-05,0.0255102040816327
"267","Jamaica",6,223,2961161,2.02623227848807e-06,7.53082996838064e-05,0.0269058295964126
"268","Japan",186,11496,126476458,1.47062941942919e-06,9.0894386052462e-05,0.0161795407098121
"269","Japan",186,11118,126476458,1.47062941942919e-06,8.79056875549124e-05,0.0167296276308689
"270","Japan",171,10751,126476458,1.35203027270103e-06,8.50039617649634e-05,0.0159054971630546
"271","Jordan",7,425,10203140,6.8606330992224e-07,4.16538438167074e-05,0.0164705882352941
"272","Jordan",7,425,10203140,6.8606330992224e-07,4.16538438167074e-05,0.0164705882352941
"273","Jordan",7,417,10203140,6.8606330992224e-07,4.08697714625106e-05,0.0167865707434053
"274","Kazakhstan",19,2025,18776707,1.01189202132195e-06,0.000107846386482997,0.00938271604938272
"275","Kazakhstan",19,1949,18776707,1.01189202132195e-06,0.000103798818397709,0.00974858902001026
"276","Kazakhstan",19,1735,18776707,1.01189202132195e-06,9.24017187891359e-05,0.0109510086455331
"277","Kenya",14,281,53771300,2.60361940291568e-07,5.22583608728076e-06,0.0498220640569395
"278","Kenya",14,281,53771300,2.60361940291568e-07,5.22583608728076e-06,0.0498220640569395
"279","Kenya",14,270,53771300,2.60361940291568e-07,5.02126599133739e-06,0.0518518518518519
"280","Kuwait",7,1915,4270563,1.63912814305748e-06,0.000448418627707869,0.00365535248041775
"281","Kuwait",9,1995,4270563,2.10745046964534e-06,0.000467151520771383,0.00451127819548872
"282","Kuwait",11,2080,4270563,2.57577279623319e-06,0.000487055219651367,0.00528846153846154
"283","Kyrgyzstan",7,590,6524191,1.07292996173778e-06,9.04326682036133e-05,0.011864406779661
"284","Kyrgyzstan",7,612,6524191,1.07292996173778e-06,9.38047337976463e-05,0.011437908496732
"285","Kyrgyzstan",7,568,6524191,1.07292996173778e-06,8.70606026095802e-05,0.0123239436619718
"286","Latvia",5,727,1886202,2.65082955059956e-06,0.000385430616657177,0.00687757909215956
"287","Latvia",5,739,1886202,2.65082955059956e-06,0.000391792607578616,0.006765899864682
"288","Latvia",9,748,1886202,4.77149319107922e-06,0.000396564100769695,0.0120320855614973
"289","Lebanon",21,673,6825442,3.07672382242791e-06,9.8601672975904e-05,0.0312035661218425
"290","Lebanon",21,677,6825442,3.07672382242791e-06,9.91877156087474e-05,0.0310192023633678
"291","Lebanon",21,677,6825442,3.07672382242791e-06,9.91877156087474e-05,0.0310192023633678
"292","Liberia",8,101,5057677,1.58175383679108e-06,1.99696421894874e-05,0.0792079207920792
"293","Liberia",8,91,5057677,1.58175383679108e-06,1.79924498934985e-05,0.0879120879120879
"294","Liberia",8,99,5057677,1.58175383679108e-06,1.95742037302896e-05,0.0808080808080808
"295","Libya",1,51,6871287,1.455331439365e-07,7.42219034076149e-06,0.0196078431372549
"296","Libya",1,51,6871287,1.455331439365e-07,7.42219034076149e-06,0.0196078431372549
"297","Libya",1,49,6871287,1.455331439365e-07,7.13112405288849e-06,0.0204081632653061
"298","Liechtenstein",1,82,38137,2.62212549492619e-05,0.00215014290583947,0.0121951219512195
"299","Liechtenstein",1,82,38137,2.62212549492619e-05,0.00215014290583947,0.0121951219512195
"300","Liechtenstein",1,82,38137,2.62212549492619e-05,0.00215014290583947,0.0121951219512195
"301","Lithuania",37,1350,2722291,1.35914933414539e-05,0.00049590583813413,0.0274074074074074
"302","Lithuania",36,1326,2722291,1.32241556835768e-05,0.000487089734345079,0.0271493212669683
"303","Lithuania",38,1370,2722291,1.39588309993311e-05,0.000503252591291673,0.0277372262773723
"304","Luxembourg",78,3618,625976,0.00012460541618209,0.00577977430444618,0.021558872305141
"305","Luxembourg",75,3558,625976,0.000119812900175087,0.00568392398430611,0.021079258010118
"306","Luxembourg",73,3550,625976,0.000116617889503751,0.00567114394162076,0.0205633802816901
"307","Madagascar",0,121,27691019,0,4.36964779085956e-06,0
"308","Madagascar",0,121,27691019,0,4.36964779085956e-06,0
"309","Madagascar",0,121,27691019,0,4.36964779085956e-06,0
"310","Malawi",2,18,19129955,1.04548076563693e-07,9.40932689073236e-07,0.111111111111111
"311","Malawi",2,17,19129955,1.04548076563693e-07,8.8865865079139e-07,0.117647058823529
"312","Malawi",2,17,19129955,1.04548076563693e-07,8.8865865079139e-07,0.117647058823529
"313","Malaysia",89,5425,32365998,2.7497993418896e-06,0.000167614173367989,0.0164055299539171
"314","Malaysia",92,5482,32365998,2.84248920734655e-06,0.000169375280811672,0.0167821962787304
"315","Malaysia",89,5389,32365998,2.7497993418896e-06,0.000166501894982506,0.0165151233995175
"316","Maldives",0,86,540542,0,0.00015909957043116,0
"317","Maldives",0,52,540542,0,9.61997402607013e-05,0
"318","Maldives",0,69,540542,0,0.000127649655345931,0
"319","Mali",14,246,20250834,6.91329552155728e-07,1.21476478450221e-05,0.0569105691056911
"320","Mali",14,224,20250834,6.91329552155728e-07,1.10612728344917e-05,0.0625
"321","Mali",14,258,20250834,6.91329552155728e-07,1.27402160325841e-05,0.0542635658914729
"322","Malta",3,443,441539,6.79441680123387e-06,0.0010033088809822,0.00677200902934537
"323","Malta",3,427,441539,6.79441680123387e-06,0.00096707199137562,0.00702576112412178
"324","Malta",3,431,441539,6.79441680123387e-06,0.000976131213777265,0.00696055684454756
"325","Mauritania",1,7,4649660,2.1506948895188e-07,1.50548642266316e-06,0.142857142857143
"326","Mauritania",1,7,4649660,2.1506948895188e-07,1.50548642266316e-06,0.142857142857143
"327","Mauritania",1,7,4649660,2.1506948895188e-07,1.50548642266316e-06,0.142857142857143
"328","Mauritius",9,328,1271767,7.0767679928792e-06,0.000257908877962709,0.0274390243902439
"329","Mauritius",9,328,1271767,7.0767679928792e-06,0.000257908877962709,0.0274390243902439
"330","Mauritius",9,328,1271767,7.0767679928792e-06,0.000257908877962709,0.0274390243902439
"331","Mexico",857,9501,128932753,6.64687583301661e-06,7.36895767672005e-05,0.0902010314703715
"332","Mexico",712,8772,128932753,5.5222585683872e-06,6.80354665195119e-05,0.0811673506611947
"333","Mexico",686,8261,128932753,5.32060305886744e-06,6.40721601593352e-05,0.0830407940927249
"334","Monaco",3,98,39244,7.64448068494547e-05,0.00249719702374885,0.0306122448979592
"335","Monaco",3,98,39244,7.64448068494547e-05,0.00249719702374885,0.0306122448979592
"336","Monaco",3,98,39244,7.64448068494547e-05,0.00249719702374885,0.0306122448979592
"337","Mongolia",0,35,3278292,0,1.06762911906566e-05,0
"338","Mongolia",0,34,3278292,0,1.0371254299495e-05,0
"339","Mongolia",0,32,3278292,0,9.76118051717175e-06,0
"340","Montenegro",5,312,628062,7.9609974811404e-06,0.000496766242823161,0.016025641025641
"341","Montenegro",5,308,628062,7.9609974811404e-06,0.000490397444838248,0.0162337662337662
"342","Montenegro",5,313,628062,7.9609974811404e-06,0.000498358442319389,0.0159744408945687
"343","Montserrat",0,11,4999,0,0.0022004400880176,0
"344","Montserrat",0,11,4999,0,0.0022004400880176,0
"345","Montserrat",0,11,4999,0,0.0022004400880176,0
"346","Morocco",145,3209,36910558,3.92841527890204e-06,8.69398939999769e-05,0.0451854160174509
"347","Morocco",143,3046,36910558,3.87423024057236e-06,8.25238133761077e-05,0.0469468154957321
"348","Morocco",141,2855,36910558,3.82004520224268e-06,7.7349142215623e-05,0.0493870402802102
"349","Mozambique",0,39,31255435,0,1.24778298558315e-06,0
"350","Mozambique",0,39,31255435,0,1.24778298558315e-06,0
"351","Mozambique",0,39,31255435,0,1.24778298558315e-06,0
"352","Myanmar",5,119,54409794,9.18952201877478e-08,2.1871062404684e-06,0.0420168067226891
"353","Myanmar",5,121,54409794,9.18952201877478e-08,2.2238643285435e-06,0.0413223140495868
"354","Myanmar",5,111,54409794,9.18952201877478e-08,2.040073888168e-06,0.045045045045045
"355","Namibia",0,16,2540916,0,6.29694173282391e-06,0
"356","Namibia",0,16,2540916,0,6.29694173282391e-06,0
"357","Namibia",0,16,2540916,0,6.29694173282391e-06,0
"358","Nepal",0,42,29136808,0,1.44147567571575e-06,0
"359","Nepal",0,31,29136808,0,1.06394633207591e-06,0
"360","Nepal",0,31,29136808,0,1.06394633207591e-06,0
"361","Netherlands",3684,32655,17134873,0.000215000134520985,0.00190576259304636,0.112815801561782
"362","Netherlands",3916,34134,17134873,0.000228539773828496,0.00199207779363174,0.11472432179059
"363","Netherlands",3751,33405,17134873,0.000218910288976172,0.00194953297873874,0.112288579553959
"364","New Caledonia",0,18,285491,0,6.30492730068549e-05,0
"365","New Caledonia",0,18,285491,0,6.30492730068549e-05,0
"366","New Caledonia",0,18,285491,0,6.30492730068549e-05,0
"367","New Zealand",14,1113,4822233,2.90321931768954e-06,0.000230805935756319,0.0125786163522013
"368","New Zealand",13,1107,4822233,2.69584650928315e-06,0.00022956169890588,0.011743450767841
"369","New Zealand",12,1105,4822233,2.48847370087675e-06,0.000229146953289068,0.0108597285067873
"370","Nicaragua",2,13,6624554,3.01907117067806e-07,1.96239626094074e-06,0.153846153846154
"371","Nicaragua",1,12,6624554,1.50953558533903e-07,1.81144270240683e-06,0.0833333333333333
"372","Nicaragua",2,13,6624554,3.01907117067806e-07,1.96239626094074e-06,0.153846153846154
"373","Niger",20,655,24206636,8.26219719253844e-07,2.70586958055634e-05,0.0305343511450382
"374","Niger",20,655,24206636,8.26219719253844e-07,2.70586958055634e-05,0.0305343511450382
"375","Niger",20,648,24206636,8.26219719253844e-07,2.67695189038246e-05,0.0308641975308642
"376","Nigeria",21,627,206139587,1.01872717926809e-07,3.04162829238617e-06,0.0334928229665072
"377","Nigeria",22,665,206139587,1.06723799732848e-07,3.22596940101563e-06,0.0330827067669173
"378","Nigeria",25,782,206139587,1.21277045150964e-07,3.79354597232214e-06,0.0319693094629156
"379","Northern Mariana Islands",2,14,57557,3.47481626908977e-05,0.000243237138836284,0.142857142857143
"380","Northern Mariana Islands",2,14,57557,3.47481626908977e-05,0.000243237138836284,0.142857142857143
"381","Northern Mariana Islands",2,14,57557,3.47481626908977e-05,0.000243237138836284,0.142857142857143
"382","Norway",154,7113,5421242,2.84067746837348e-05,0.00131206096315199,0.0216504990861802
"383","Norway",163,7166,5421242,3.00669108665505e-05,0.00132183732067301,0.0227463019815797
"384","Norway",154,7068,5421242,2.84067746837348e-05,0.00130376028223791,0.0217883418222977
"385","Oceania",95,8010,42677809,2.22598118849072e-06,0.000187685361261165,0.0118601747815231
"386","Oceania",89,7964,42677809,2.08539290290183e-06,0.000186607517738317,0.0111752887995982
"387","Oceania",91,7981,42677809,2.1322556647648e-06,0.000187005851214152,0.0114020799398572
"388","Oman",8,1508,5106622,1.56659333704355e-06,0.000295302844032709,0.00530503978779841
"389","Oman",7,1266,5106622,1.37076916991311e-06,0.000247913395587142,0.00552922590837283
"390","Oman",8,1508,5106622,1.56659333704355e-06,0.000295302844032709,0.00530503978779841
"391","Pakistan",176,8418,220892331,7.9676826806631e-07,3.8109064094217e-05,0.0209075789973866
"392","Pakistan",192,9216,220892331,8.69201746981429e-07,4.17216838551086e-05,0.0208333333333333
"393","Pakistan",209,9749,220892331,9.46162318328743e-07,4.41346241214685e-05,0.0214380962149964
"394","Panama",136,4658,4314768,3.1519655286217e-05,0.00107954819355293,0.0291970802919708
"395","Panama",126,4467,4314768,2.92020335739952e-05,0.0010352816188495,0.0282068502350571
"396","Panama",141,4821,4314768,3.26784661423279e-05,0.00111732542746215,0.029247044181705
"397","Papua New Guinea",0,7,8947027,0,7.82382795983515e-07,0
"398","Papua New Guinea",0,7,8947027,0,7.82382795983515e-07,0
"399","Papua New Guinea",0,7,8947027,0,7.82382795983515e-07,0
"400","Paraguay",8,208,7132530,1.12162164056793e-06,2.91621626547663e-05,0.0384615384615385
"401","Paraguay",8,206,7132530,1.12162164056793e-06,2.88817572446243e-05,0.0388349514563107
"402","Paraguay",9,213,7132530,1.26182434563892e-06,2.98631761801212e-05,0.0422535211267606
"403","Peru",445,16325,32971846,1.3496362927329e-05,0.000495119381547518,0.0272588055130168
"404","Peru",484,17837,32971846,1.46791902400612e-05,0.000540976686594982,0.0271346078376409
"405","Peru",400,15628,32971846,1.21315621818687e-05,0.000473980134445612,0.0255950857435372
"406","Philippines",409,6259,109581085,3.73239596961465e-06,5.71175216963767e-05,0.0653459019012622
"407","Philippines",437,6599,109581085,3.98791452010171e-06,6.02202469522911e-05,0.0662221548719503
"408","Philippines",428,6459,109581085,3.90578355744516e-06,5.89426541998558e-05,0.0662641275739279
"409","Poland",360,9287,37846605,9.51208173097693e-06,0.000245385286209952,0.0387638634650587
"410","Poland",401,9856,37846605,1.05954021503382e-05,0.000260419659834746,0.0406858766233766
"411","Poland",380,9593,37846605,1.00405307160312e-05,0.000253470555681282,0.0396122172417388
"412","Portugal",735,20863,10196707,7.20820947390172e-05,0.00204605271093893,0.0352298327182093
"413","Portugal",762,21379,10196707,7.47300084233076e-05,0.00209665728357204,0.0356424528743159
"414","Portugal",714,20206,10196707,7.00226063179024e-05,0.0019816201446212,0.0353360388003563
"415","Puerto Rico",62,1213,2860840,2.16719564883041e-05,0.000424001342263112,0.0511129431162407
"416","Puerto Rico",63,1252,2860840,2.20215041735994e-05,0.000437633701989625,0.0503194888178914
"417","Puerto Rico",63,1252,2860840,2.20215041735994e-05,0.000437633701989625,0.0503194888178914
"418","Qatar",8,5448,2881060,2.77675577738749e-06,0.00189097068440088,0.00146842878120411
"419","Qatar",9,6533,2881060,3.12385024956093e-06,0.00226756818670906,0.00137762130720955
"420","Qatar",9,6015,2881060,3.12385024956093e-06,0.00208777325012322,0.00149625935162095
"421","Romania",483,9242,19237682,2.51069749463579e-05,0.000480411309429067,0.0522614152780783
"422","Romania",434,8746,19237682,2.255989053151e-05,0.000454628577393056,0.0496226846558427
"423","Romania",451,8936,19237682,2.34435728795184e-05,0.000464505027164915,0.0504700089525515
"424","Rwanda",0,147,12952209,0,1.13494153777167e-05,0
"425","Rwanda",0,150,12952209,0,1.15810360997109e-05,0
"426","Rwanda",0,147,12952209,0,1.13494153777167e-05,0
"427","Saint Kitts and Nevis",0,15,53192,0,0.000281997292825989,0
"428","Saint Kitts and Nevis",0,15,53192,0,0.000281997292825989,0
"429","Saint Kitts and Nevis",0,15,53192,0,0.000281997292825989,0
"430","Saint Lucia",0,15,183629,0,8.16864438623529e-05,0
"431","Saint Lucia",0,15,183629,0,8.16864438623529e-05,0
"432","Saint Lucia",0,15,183629,0,8.16864438623529e-05,0
"433","Saint Vincent and the Grenadines",0,12,110947,0,0.000108159751953636,0
"434","Saint Vincent and the Grenadines",0,12,110947,0,0.000108159751953636,0
"435","Saint Vincent and the Grenadines",0,12,110947,0,0.000108159751953636,0
"436","San Marino",39,461,33938,0.00114915434026755,0.0135835936118805,0.0845986984815618
"437","San Marino",40,476,33938,0.00117861983617184,0.0140255760504449,0.0840336134453782
"438","San Marino",39,462,33938,0.00114915434026755,0.0136130591077848,0.0844155844155844
"439","Sao Tome and Principe",0,4,219161,0,1.82514224702388e-05,0
"440","Sao Tome and Principe",0,4,219161,0,1.82514224702388e-05,0
"441","Sao Tome and Principe",0,4,219161,0,1.82514224702388e-05,0
"442","Saudi Arabia",109,11631,34813867,3.13093630190522e-06,0.000334091010343666,0.00937150717909036
"443","Saudi Arabia",97,9362,34813867,2.78624606683308e-06,0.000268915831728776,0.010361033967101
"444","Saudi Arabia",103,10484,34813867,2.95859118436915e-06,0.000301144368708021,0.0098244944677604
"445","Senegal",4,367,16743930,2.3889254195401e-07,2.19183907242804e-05,0.0108991825613079
"446","Senegal",5,412,16743930,2.98615677442512e-07,2.4605931821263e-05,0.0121359223300971
"447","Senegal",5,377,16743930,2.98615677442512e-07,2.25156220791654e-05,0.013262599469496
"448","Serbia",125,6890,8737370,1.43063645009883e-05,0.000788566811294474,0.0181422351233672
"449","Serbia",122,6318,8737370,1.39630117529646e-05,0.000723100887337952,0.0193099081987971
"450","Serbia",125,6630,8737370,1.43063645009883e-05,0.000758809573132419,0.0188536953242836
"451","Seychelles",0,11,98340,0,0.000111856823266219,0
"452","Seychelles",0,11,98340,0,0.000111856823266219,0
"453","Seychelles",0,11,98340,0,0.000111856823266219,0
"454","Sierra Leone",0,35,7976985,0,4.38762264188788e-06,0
"455","Sierra Leone",0,43,7976985,0,5.39050781717654e-06,0
"456","Sierra Leone",0,50,7976985,0,6.26803234555412e-06,0
"457","Singapore",11,6588,5850343,1.88023163770056e-06,0.00112608782083375,0.00166970248937462
"458","Singapore",11,9125,5850343,1.88023163770056e-06,0.00155973760854705,0.00120547945205479
"459","Singapore",11,6588,5850343,1.88023163770056e-06,0.00112608782083375,0.00166970248937462
"460","Sint Maarten (Dutch part)",10,68,42882,0.000233198078447834,0.00158574693344527,0.147058823529412
"461","Sint Maarten (Dutch part)",10,67,42882,0.000233198078447834,0.00156242712560049,0.149253731343284
"462","Sint Maarten (Dutch part)",10,68,42882,0.000233198078447834,0.00158574693344527,0.147058823529412
"463","Slovakia",13,1173,5459643,2.38110806878765e-06,0.000214849212668301,0.0110826939471441
"464","Slovakia",12,1161,5459643,2.19794590965014e-06,0.000212651266758651,0.0103359173126615
"465","Slovakia",14,1199,5459643,2.56427022792516e-06,0.000219611428805876,0.0116763969974979
"466","Slovenia",74,1335,2078932,3.55951998429963e-05,0.000642156645816217,0.0554307116104869
"467","Slovenia",74,1330,2078932,3.55951998429963e-05,0.000639751564745745,0.0556390977443609
"468","Slovenia",77,1340,2078932,3.70382484852799e-05,0.00064456172688669,0.0574626865671642
"469","Somalia",8,237,15893219,5.0335932576025e-07,1.49120200256474e-05,0.0337552742616034
"470","Somalia",8,286,15893219,5.0335932576025e-07,1.7995095895929e-05,0.027972027972028
"471","Somalia",7,164,15893219,4.40439410040219e-07,1.03188661780851e-05,0.0426829268292683
"472","South Africa",58,3300,59308690,9.77934262247236e-07,5.56410873347565e-05,0.0175757575757576
"473","South Africa",58,3465,59308690,9.77934262247236e-07,5.84231417014943e-05,0.0167388167388167
"474","South Africa",54,3158,59308690,9.10490520023288e-07,5.32468344858064e-05,0.0170994300189994
"475","South America",4315,91236,430759772,1.00171842416148e-05,0.000211802507872067,0.0472949274409224
"476","South America",4066,86289,430759772,9.43913583462478e-06,0.000200318148557289,0.0471207222241537
"477","South America",3850,82264,430759772,8.9376962526575e-06,0.000190974193384056,0.0468005445881552
"478","South Sudan",0,4,11193729,0,3.57342937282116e-07,0
"479","South Sudan",0,4,11193729,0,3.57342937282116e-07,0
"480","South Sudan",0,4,11193729,0,3.57342937282116e-07,0
"481","Spain",20453,195944,46754783,0.000437452570360555,0.00419088673772692,0.1043818642061
"482","Spain",21282,204178,46754783,0.000455183376639776,0.00436699706209737,0.104232581375075
"483","Spain",20852,200210,46754783,0.000445986456615572,0.00428212873964146,0.104150641826083
"484","Sri Lanka",7,304,21413250,3.26900400452991e-07,1.41968173911013e-05,0.0230263157894737
"485","Sri Lanka",7,310,21413250,3.26900400452991e-07,1.44770177343467e-05,0.0225806451612903
"486","Sri Lanka",7,295,21413250,3.26900400452991e-07,1.37765168762332e-05,0.023728813559322
"487","Sudan",10,66,43849269,2.28053972803971e-07,1.50515622050621e-06,0.151515151515152
"488","Sudan",12,92,43849269,2.73664767364765e-07,2.09809654979653e-06,0.130434782608696
"489","Sudan",12,107,43849269,2.73664767364765e-07,2.44017750900249e-06,0.11214953271028
"490","Suriname",1,10,586634,1.70464037202071e-06,1.70464037202071e-05,0.1
"491","Suriname",1,10,586634,1.70464037202071e-06,1.70464037202071e-05,0.1
"492","Suriname",1,10,586634,1.70464037202071e-06,1.70464037202071e-05,0.1
"493","Sweden",1765,15322,10099270,0.000174765106784946,0.00151713935759713,0.115193838924422
"494","Sweden",1540,14385,10099270,0.000152486268809528,0.00142436037456173,0.10705596107056
"495","Sweden",1580,14777,10099270,0.000156446951116269,0.00146317506116779,0.106922920755228
"496","Switzerland",1141,27826,8654618,0.000131837130188762,0.00321516212500656,0.0410048156400489
"497","Switzerland",1186,27981,8654618,0.000137036666436346,0.00323307163874824,0.0423859047210607
"498","Switzerland",1134,27658,8654618,0.000131028313439137,0.00319575052301557,0.0410007954298937
"499","Thailand",48,2811,69799978,6.87679299841613e-07,4.02722189969745e-05,0.0170757737459979
"500","Thailand",47,2792,69799978,6.7335264776158e-07,4.00000126074538e-05,0.0168338108882522
"501","Thailand",47,2765,69799978,6.7335264776158e-07,3.96131930012929e-05,0.016998191681736
"502","Togo",5,84,8278737,6.03956859603101e-07,1.01464752413321e-05,0.0595238095238095
"503","Togo",6,86,8278737,7.24748231523722e-07,1.03880579851733e-05,0.0697674418604651
"504","Togo",6,84,8278737,7.24748231523722e-07,1.01464752413321e-05,0.0714285714285714
"505","Trinidad and Tobago",8,115,1399491,5.71636402091903e-06,8.21727328007111e-05,0.0695652173913043
"506","Trinidad and Tobago",8,114,1399491,5.71636402091903e-06,8.14581872980962e-05,0.0701754385964912
"507","Trinidad and Tobago",8,114,1399491,5.71636402091903e-06,8.14581872980962e-05,0.0701754385964912
"508","Tunisia",38,901,11818618,3.21526594733834e-06,7.62356478566276e-05,0.0421753607103219
"509","Tunisia",38,884,11818618,3.21526594733834e-06,7.47972394065025e-05,0.0429864253393665
"510","Tunisia",38,879,11818618,3.21526594733834e-06,7.43741780976422e-05,0.043230944254835
"511","Turkey",2140,90980,84339067,2.5373768955732e-05,0.00107874088766004,0.0235216531105738
"512","Turkey",2259,95591,84339067,2.67847402200928e-05,0.00113341305992868,0.0236319318764319
"513","Turkey",2017,86306,84339067,2.39153700858465e-05,0.00102332173060439,0.023370333464649
"514","Turks and Caicos Islands",1,11,38718,2.58277803605558e-05,0.000284105583966114,0.0909090909090909
"515","Turks and Caicos Islands",1,11,38718,2.58277803605558e-05,0.000284105583966114,0.0909090909090909
"516","Turks and Caicos Islands",1,11,38718,2.58277803605558e-05,0.000284105583966114,0.0909090909090909
"517","Uganda",0,55,45741000,0,1.20242233444831e-06,0
"518","Uganda",0,56,45741000,0,1.224284558711e-06,0
"519","Uganda",0,58,45741000,0,1.2680090072364e-06,0
"520","Ukraine",151,5710,43733759,3.45271029640969e-06,0.000130562753592711,0.0264448336252189
"521","Ukraine",161,6125,43733759,3.6813666074302e-06,0.000140051990500062,0.0262857142857143
"522","Ukraine",174,6592,43733759,3.97861981175686e-06,0.00015073024022472,0.0263956310679612
"523","United Arab Emirates",43,7265,9890400,4.34765024670387e-06,0.00073455067540241,0.00591878871300757
"524","United Arab Emirates",41,6781,9890400,4.14543395615951e-06,0.000685614333090674,0.00604630585459372
"525","United Arab Emirates",46,7755,9890400,4.65097468252042e-06,0.00078409366658578,0.00593165699548678
"526","United Kingdom",17337,129044,67886004,0.00025538401111369,0.00190089256100565,0.134349524193298
"527","United Kingdom",16509,124743,67886004,0.000243187093469222,0.001837536349908,0.132344099468507
"528","United Kingdom",16060,120067,67886004,0.000236573064456703,0.00176865617248586,0.133758651419624
"529","United States of America",40682,759687,331002647,0.000122905361539299,0.00229510853428311,0.0535510019257931
"530","United States of America",45063,825041,331002647,0.000136140905241764,0.0024925510641007,0.0546191037778729
"531","United States of America",42539,787752,331002647,0.000128515588577755,0.002379896375874,0.0540004976185398
"532","United States Virgin Islands",3,54,104423,2.87293029313465e-05,0.000517127452764238,0.0555555555555556
"533","United States Virgin Islands",3,53,104423,2.87293029313465e-05,0.000507551018453789,0.0566037735849057
"534","United States Virgin Islands",3,54,104423,2.87293029313465e-05,0.000517127452764238,0.0555555555555556
"535","Uruguay",12,613,3473727,3.45450290135062e-06,0.000176467523210661,0.0195758564437194
"536","Uruguay",10,602,3473727,2.87875241779219e-06,0.00017330089555109,0.0166112956810631
"537","Uruguay",10,592,3473727,2.87875241779219e-06,0.000170422143133297,0.0168918918918919
"538","Uzbekistan",5,1565,33469199,1.49391086413511e-07,4.6759410047429e-05,0.00319488817891374
"539","Uzbekistan",5,1657,33469199,1.49391086413511e-07,4.95082060374376e-05,0.00301750150875075
"540","Uzbekistan",6,1692,33469199,1.79269303696213e-07,5.05539436423322e-05,0.00354609929078014
"541","World",164656,2355853,7794798729,2.11238295849011e-05,0.000302233974462383,0.0698923065233697
"542","World",169851,2431705,7794798729,2.17902996479026e-05,0.000311965078835585,0.0698485219218614
"543","World",176786,2520522,7794798729,2.26799954875397e-05,0.000323359471826075,0.0701386458836701
"544","Yemen",0,1,29825968,0,3.35278305133299e-08,0
"545","Yemen",0,1,29825968,0,3.35278305133299e-08,0
"546","Yemen",0,1,29825968,0,3.35278305133299e-08,0
"547","Zambia",3,61,18383956,1.63185769156541e-07,3.31811063951633e-06,0.0491803278688525
"548","Zambia",3,65,18383956,1.63185769156541e-07,3.53569166505838e-06,0.0461538461538462
"549","Zambia",3,65,18383956,1.63185769156541e-07,3.53569166505838e-06,0.0461538461538462
"550","Zimbabwe",3,25,14862927,2.01844495367568e-07,1.6820374613964e-06,0.12
"551","Zimbabwe",3,25,14862927,2.01844495367568e-07,1.6820374613964e-06,0.12
"552","Zimbabwe",3,28,14862927,2.01844495367568e-07,1.88388195676397e-06,0.107142857142857
